{
    "$schema": "https://schema.management.azure.com/schemas/2019-04-01/deploymentTemplate.json#",
    "contentVersion": "1.0.0.0",
    "parameters": {
        "namePrefix": {
            "type": "string",
            "minLength": 3,
            "maxLength": 10,
            "metadata": {
                "description": "Prefix for resource names"
            }
        },
        "clusterName": {
            "type": "string",
            "defaultValue": "[concat(parameters('namePrefix'), '-aro')]",
            "metadata": {
                "description": "Name for the ARO cluster"
            }
        },
        "spClientId" : {
            "type": "string",
            "metadata": {
                "description" : "The app ID of the Service Principal (client id)"
            }
        },
        "spClientSecret": {
            "type": "securestring",
            "metadata": {
                "description": "The service principal secret key."
            }
        },
        "spObjectId": {
            "type": "String",
            "metadata": {
                "description": "The ObjectID of the Service Principal"
            }
        },
        "rpObjectId": {
            "type": "string",
            "metadata": {
                "description": "Red Hat OpenShift Resource Provider Object Id - obtain using (az ad sp list --display-name \"Azure Red Hat OpenShift RP\" --query \"[0].id\" -o tsv)"
            }
        },
        "pullSecret": {
            "type": "securestring",
            "metadata": {
                "description": "Red Hat OpenShift Pull Secret"
            }
        },
        "location": {
            "type": "string",
            "defaultValue": "[resourceGroup().location]",
            "metadata": {
                "description": "Azure location for resources"
            }
        },
        "vnetName": {
            "type": "string",
            "defaultValue": "vnet",
            "metadata": {
                "description": "Name of the virtual network"
            }
        },
        "createVnet": {
            "type": "bool",
            "defaultValue": true,
            "metadata": {
                "description": "Flag to determine whether to create a new Virtual Network or use existing"
            }
        },
        "createAzureFileStorage": {
            "type": "bool",
            "defaultValue": true,
            "metadata": {
                "description": "Set to true to create an OpenShift storage class with Azure file shares (RWX filesystem)"
            }
        },
        "vnetCIDR": {
            "type": "string",
            "defaultValue": "10.0.0.0/20",
            "metadata": {
                "description": "CIDR for Virtual Network"
            }
        },
        "controlSubnetCIDR": {
            "type": "string",
            "defaultValue": "10.0.0.0/24",
            "metadata": {
                "description": "CIDR for the control subnet"
            }
        },
        "workerSubnetCIDR": {
            "type": "string",
            "defaultValue": "10.0.1.0/24",
            "metadata": {
                "description": "CIDR for the worker subnet"
            }
        },
        "storageSubnetCIDR": {
            "type": "string",
            "defaultValue": "10.0.2.0/24",
            "metadata": {
                "description": "CIDR for the storage subnet (if creating)"
            }
        }
        ,
        "controlSubnetName": {
            "type": "string",
            "defaultValue": "control-subnet",
            "metadata": {
                "description": "Name of the control / master subnet"
            }
        },
        "workerSubnetName": {
            "type": "string",
            "defaultValue": "worker-subnet",
            "metadata": {
                "description": "Name of the worker subnet"
            }
        },
        "storageSubnetName": {
            "type": "string",
            "defaultValue": "storage-subnet",
            "metadata": {
                "description": "Name of the storage subnet (if creating file share storage)"
            }
        },
        "domain": {
            "type": "string",
            "defaultValue": "[concat(toLower(first(parameters('namePrefix'))),substring(uniqueString(resourceGroup().id),1,7))]",
            "metadata": {
                "description": "Domain name prefix for the ARO cluster. Default is generated from resource group id."
            }
        },
        "podCIDR": {
            "type": "string",
            "defaultValue": "10.128.0.0/14",
            "metadata": {
                "description": "CIDR for the POD virtual subnet within the cluster"
            }
        },
        "serviceCIDR": {
            "type": "string",
            "defaultValue": "172.30.0.0/16",
            "metadata": {
                "description": "CIDR for the service virtual subnet within the cluster"
            }
        },
        "masterSize": {
            "type": "string",
            "defaultValue": "Standard_D8s_v3",
            "metadata": {
                "description": "VM size for master/control nodes"
            }
        },
        "workerSize": {
            "type": "string",
            "defaultValue": "Standard_D4s_v3",
            "metadata": {
                "description": "VM size for worker nodes"
            }
        },
        "workerCount": {
            "type": "int",
            "defaultValue": 3,
            "minValue": 3,
            "maxValue": 2000,
            "metadata": {
                "description": "Number of compute nodes to deploy"
            }
        },
        "encryption" : {
            "type": "bool",
            "defaultValue": false,
            "metadata": {
                "description": "Flag to encrypt storage at rest"
            }
        },
        "fipsEnabled": {
            "type": "bool",
            "defaultValue": false,
            "metadata": {
                "description": "Flag to enable FIPS for cluster"
            }
        },
        "workerDiskSize": {
            "type": "int",
            "defaultValue": 128,
            "minValue": 128,
            "maxValue": 32767,
            "metadata": {
                "description": "Size of system disk on each worker node"
            }
        },
        "apiVisibility": {
            "type": "string",
            "defaultValue": "Public",
            "allowedValues": [
                "Public",
                "Private"
            ],
            "metadata": {
                "description": "Visibility of cluster API - public or private"
            }
        },
        "ingressVisibility": {
            "type": "string",
            "defaultValue": "Public",
            "allowedValues": [
                "Public",
                "Private"
            ],
            "metadata": {
                "description": "Visibility of cluster ingress portal - public or private"
            }
        },
        "branch": {
            "type": "string",
            "defaultValue": "main",
            "metadata": {
                "description": "Github branch for linked deployments."
            }
        }       
    },
    "variables": {
        "aroRG": "[concat('/subscriptions/',subscription().subscriptionId,'/resourceGroups/',parameters('clusterName'))]",
        "contribRole": "[concat('/subscriptions/', subscription().subscriptionId, '/providers/Microsoft.Authorization/roleDefinitions/', 'b24988ac-6180-42a0-ab88-20f7382dd24c')]",
        "userAccessAdminRole": "[concat('/subscriptions/', subscription().subscriptionId, '/providers/Microsoft.Authorization/roleDefinitions/', '18d7d88d-d35e-4fb5-a5c3-7773c20a72d9')]",
        "azureFileDeploymentName": "[concat(parameters('namePrefix'),'-file-deploy')]",
        "baseUrl": "[concat('https://raw.githubusercontent.com/ibm-ecosystem-lab/azure-arm-templates/',parameters('branch'),'/')]"
    },
    "resources": [
        {
            "type": "Microsoft.Network/virtualNetworks",
            "apiVersion": "2022-09-01",
            "condition": "[parameters('createVnet')]",
            "name": "[parameters('vnetName')]",
            "location": "[parameters('location')]",
            "properties": {
                "addressSpace": {
                    "addressPrefixes": [
                        "[parameters('vnetCIDR')]"
                    ]
                },
                "subnets": [
                    {
                        "name": "[parameters('controlSubnetName')]",
                        "properties": {
                            "addressPrefix": "[parameters('controlSubnetCIDR')]",
                            "privateLinkServiceNetworkPolicies": "Disabled",
                            "serviceEndpoints": [
                                {
                                    "service": "Microsoft.ContainerRegistry"
                                }
                            ]
                        }
                    },
                    {
                        "name": "[parameters('workerSubnetName')]",
                        "properties": {
                            "addressPrefix": "[parameters('workerSubnetCIDR')]",
                            "serviceEndpoints": [
                                {
                                    "service": "Microsoft.ContainerRegistry"
                                }
                            ]
                        }
                    }
                ]
            }
        },
        {
            "type": "Microsoft.Authorization/roleAssignments",
            "apiVersion": "2022-04-01",
            "name": "[guid(concat(resourceGroup().id, 'contributor'))]",
            "properties": {
                "roleDefinitionId": "[variables('contribRole')]",
                "principalId": "[parameters('spObjectId')]",
                "principalType": "ServicePrincipal"
            }
        },
        {
            "type": "Microsoft.Authorization/roleAssignments",
            "apiVersion": "2022-04-01",
            "name": "[guid(concat(resourceGroup().id, 'userAccessAdministrator'))]",
            "properties": {
                "roleDefinitionId": "[variables('userAccessAdminRole')]",
                "principalId": "[parameters('spObjectId')]",
                "principalType": "ServicePrincipal"
            }
        },
        {
            "type": "Microsoft.Network/virtualNetworks/providers/roleAssignments",
            "apiVersion": "2018-09-01-preview",
            "name": "[concat(parameters('vnetName'), '/Microsoft.Authorization/', guid(resourceGroup().id, deployment().name, parameters('rpObjectId')))]",
            "properties": {
                "roleDefinitionId": "[variables('contribRole')]",
                "principalId": "[parameters('rpObjectId')]"
            },
            "dependsOn": [
                "[resourceId('Microsoft.Network/virtualNetworks', parameters('vnetName'))]"
            ]
        },
        {
            "type": "Microsoft.Network/virtualNetworks/providers/roleAssignments",
            "apiVersion": "2018-09-01-preview",
            "name": "[concat(parameters('vnetName'), '/Microsoft.Authorization/', guid(resourceGroup().id, deployment().name, parameters('spObjectId')))]",
            "properties": {
                "roleDefinitionId": "[variables('contribRole')]",
                "principalId":"[parameters('spObjectId')]"
            },
            "dependsOn": [
                "[resourceId('Microsoft.Network/virtualNetworks', parameters('vnetName'))]"
            ]
        },
        {
            "type": "Microsoft.RedHatOpenShift/OpenShiftClusters",
            "apiVersion": "2022-04-01",
            "name": "[parameters('clusterName')]",
            "location": "[parameters('location')]",
            "properties": {
                "clusterProfile": {
                    "domain": "[parameters('domain')]",
                    "resourceGroupId": "[variables('aroRG')]",
                    "fipsValidatedModules": "[if(parameters('fipsEnabled'), 'Enabled', 'Disabled')]",
                    "pullSecret": "[parameters('pullSecret')]"
                },
                "servicePrincipalProfile": {
                    "clientId": "[parameters('spClientId')]",
                    "clientSecret": "[parameters('spClientSecret')]"
                },
                "networkProfile": {
                    "podCidr": "[parameters('podCIDR')]",
                    "serviceCidr": "[parameters('serviceCIDR')]"
                },
                "masterProfile": {
                    "vmSize": "[parameters('masterSize')]",
                    "subnetId": "[resourceId('Microsoft.Network/virtualNetworks/subnets', parameters('vnetName'), parameters('controlSubnetName'))]",
                    "encryptionAtHost": "[if(parameters('encryption'), 'Enabled', 'Disabled')]"
                },
                "workerProfiles": [
                    {
                        "name": "worker",
                        "vmSize": "[parameters('workerSize')]",
                        "subnetId": "[resourceId('Microsoft.Network/virtualNetworks/subnets', parameters('vnetName'), parameters('workerSubnetName'))]",
                        "count": "[parameters('workerCount')]",
                        "diskSizeGB": "[parameters('workerDiskSize')]",
                        "encryptionAtHost": "[if(parameters('encryption'), 'Enabled', 'Disabled')]"
                    }
                ],
                "apiserverProfile": {
                    "visibility": "[parameters('apiVisibility')]"
                },
                "ingressProfiles": [
                    {
                        "name": "default",
                        "visibility": "[parameters('ingressVisibility')]"
                    }
                ]
            },
            "dependsOn": [
                "[resourceId('Microsoft.Network/virtualNetworks', parameters('vnetName'))]"
            ]
        },
        {
            "type": "Microsoft.Resources/deployments",
            "apiVersion": "2021-04-01",
            "condition": "[parameters('createAzureFileStorage')]",
            "name": "[variables('azureFileDeploymentName')]",
            "dependsOn": [
                "[resourceId('Microsoft.RedHatOpenShift/OpenShiftClusters', parameters('clusterName'))]"
            ],
            "properties": {
                "mode": "Incremental",
                "templateLink": {
                    "uri": "[uri(variables('baseUrl'), 'openshift/aro/azure-file/azuredeploy.json')]",
                    "contentVersion": "1.0.0.0"
                },
                "parameters": {
                    "aroClusterName": {
                        "value": "[parameters('clusterName')]"
                    },
                    "spClientId": {
                        "value": "[parameters('spClientId')]"
                    },
                    "spClientSecret": {
                        "value": "[parameters('spClientSecret')]"
                    },
                    "vnetName": {
                        "value": "[parameters('vnetName')]"
                    },
                    "createSubnet": {
                        "value": true
                    },
                    "subnetName": {
                        "value": "[parameters('storageSubnetName')]"
                    },
                    "subnetCIDR": {
                        "value": "[parameters('storageSubnetCIDR')]"
                    },
                    "branch": {
                        "value": "[parameters('branch')]"
                    },
                    "newCluster": {
                        "value": true
                    }
                }
            }
        }
    ],
    "outputs": {
        "clusterName": {
            "type": "string",
            "value": "[parameters('clusterName')]"
        }
    }
}