{
    "$schema": "https://schema.management.azure.com/schemas/2019-04-01/deploymentTemplate.json#",
    "contentVersion": "1.0.0.0",
    "parameters": {
        "namePrefix": {
            "type": "string",
            "minLength": 3,
            "maxLength": 10,
            "metadata": {
                "description": "Prefix for resource names"
            }
        },
        "location": {
            "type": "string",
            "defaultValue": "[resourceGroup().location]",
            "metadata": {
                "description": "Azure location for resources"
            }
        },
        "vnetName": {
            "type": "string",
            "defaultValue": "[concat(parameters('namePrefix'),'-vnet')]",
            "metadata": {
                "description": "Virtual network name"
            }
        },
        "virtualNetworkNewOrExisting":{
            "type": "string",
            "defaultValue": "new",
            "allowedValues": [
                "new",
                "existing"
            ],
            "metadata": {
                "description": "Flag to indicate whether a new virtual network should be created (true), or use an existing one (false)."
            }
        },
        "vnetCIDR": {
            "type": "string",
            "defaultValue": "10.0.0.0/20",
            "metadata": {
                "description": "CIDR for the virtual network if being created."
            }
        },
        "subnetName": {
            "type": "string",
            "defaultValue": "[concat(parameters('namePrefix'),'-vm-subnet')]",
            "metadata": {
                "description": "Subnet name to attach to VM"
            }
        },
        "subnetCIDR": {
            "type": "string",
            "defaultValue": "10.0.0.0/24",
            "metadata": {
                "description": "CIDR for the developer subnet"
            }
        },
        "adminUserName": {
            "type": "string",
            "defaultValue": "azureuser",
            "metadata": {
                "description": "Admin user for created VMs"
            }
        },
        "adminPassword": {
            "type": "secureString",
            "metadata": {
                "description": "SSH Key or password for the Virtual Machine."
            }
        },
        "authType": {
            "type": "string",
            "defaultValue": "sshPublicKey",
            "allowedValues": [
                "sshPublicKey",
                "password"
            ],
            "metadata": {
                "description": "Type of VM authentication. SSH Key or Password"
            }
        },
        "securityType": {
            "type": "string",
            "defaultValue": "Standard",
            "allowedValues": [
                "Standard",
                "TrustedLaunch"
            ],
            "metadata": {
                "description": "Security type for virtual machine (trusted launch not supported with RHEL)"
            }
        },
        "mqPassword": {
            "type": "securestring",
            "metadata": {
                "description": "Password for ActiveMQ administrator"
            }
        },
        "vmNsgSecurityRules": {
            "type": "array",
            "defaultValue": [
                {
                    "name": "SSH",
                    "properties": {
                        "priority": 300,
                        "protocol": "TCP",
                        "access": "Allow",
                        "direction": "Inbound",
                        "sourceAddressPrefix": "*",
                        "sourcePortRange": "*",
                        "destinationAddressPrefix": "*",
                        "destinationPortRange": "22"
                    }
                },
                {
                    "name": "MQADMIN",
                    "properties": {
                        "priority": 310,
                        "protocol": "TCP",
                        "access": "Allow",
                        "direction": "Inbound",
                        "sourceAddressPrefix": "*",
                        "sourcePortRange": "*",
                        "destinationAddressPrefix": "*",
                        "destinationPortRange": "8161"
                    }
                }
            ]
        },
        "vmSize": {
            "type": "string",
            "defaultValue": "Standard_D2s_v3",
            "metadata": {
                "description": "Size of Virtual Machine"
            }
        },
        "vmDiskType": {
            "type": "string",
            "defaultValue": "Premium_LRS",
            "allowedValues": [
                "Premium_LRS",
                "Premium_ZRS",
                "Standard_LRS",
                "StandardSSD_LRS",
                "StandardSSD_ZRS",
                "UltraSSD_LRS"
            ],
            "metadata": {
                "description": "OS Disk type for Dev VM"
            }
        },
        "vmZone": {
            "type": "string",
            "defaultValue": "1",
            "allowedValues": [
                "1", "2", "3"
            ],
            "metadata": {
                "description": "Availability zone for the VM"
            }
        },
        "vmOSVersion": {
            "type": "string",
            "defaultValue": "Ubuntu 20.04 LTS",
            "allowedValues": [
                "Ubuntu 18.04 LTS",
                "Ubuntu 20.04 LTS",
                "Ubuntu 22.04 LTS",
                "RHEL 8.6"
            ],
            "metadata": {
                "description": "Operating system version"
            }
        },
        "branch": {
            "type": "string",
            "defaultValue": "main",
            "metadata": {
                "description": "GitHub branch for script URI"
            }
        },
        "scriptURI": {
            "type": "string",
            "defaultValue": "[concat('https://raw.githubusercontent.com/ibm-ecosystem-lab/azure-arm-templates/',parameters('branch'),'/utilities/activemq/activemq-vm/scripts/')]",
            "metadata": {
                "description": "URI for the scripts to run post virtual machine creation"
            }
        },
        "activemqVersion": {
            "type": "string",
            "defaultValue": "5.16.3",
            "metadata": {
                "description": "ActiveMQ version to be installed."
            }
        },
        "createPublicIP": {
            "type": "bool",
            "defaultValue": false,
            "metadata": {
                "description": "Flag to indicate whether a public ip address should be created."
            }
        },
        "publicIPName": {
            "type": "string",
            "defaultValue": "[concat(parameters('namePrefix'),'-ip')]",
            "metadata": {
                "description": "Name for the public IP address if creating."
            }
        },
        "domainName": {
            "type": "string",
            "defaultValue": "[toLower( concat(parameters('namePrefix'),uniqueString(resourceGroup().name)) )]",
            "metadata": {
                "description": "Domain name prefix for the public IP address"
            }
        }
    },
    "variables": {
        "vmName": "[concat(parameters('namePrefix'),'-vm')]",
        "nsgName": "[concat(parameters('namePrefix'), '-nsg')]",
        "nicName": "[concat(parameters('namePrefix'),'-nic')]",
        "linuxConfigSSH": {
            "disablePasswordAuthentication": true,
            "ssh": {
                "publicKeys": [
                    {
                        "path": "[format('/home/{0}/.ssh/authorized_keys', parameters('adminUsername'))]",
                        "keyData": "[parameters('adminPassword')]"
                    }
                ]
            }
        },
        "linuxConfigPWD": {
            "disablePasswordAuthentication": false
        },
        "imageReference": {
            "Ubuntu 18.04 LTS": {
                "publisher": "Canonical",
                "offer": "UbuntuServer",
                "sku": "18_04-lts-gen2",
                "version": "latest"
            },
            "Ubuntu 20.04 LTS": {
                "publisher": "Canonical",
                "offer": "0001-com-ubuntu-server-focal",
                "sku": "20_04-lts-gen2",
                "version": "latest"
            },
            "Ubuntu 22.04 LTS": {
                "publisher": "Canonical",
                "offer": "0001-com-ubuntu-server-jammy",
                "sku": "22_04-lts-gen2",
                "version": "latest"
            },
            "RHEL 8.6": {
                "publisher": "RedHat",
                "offer": "RHEL",
                "sku": "8_6",
                "version": "latest"
            }
        },
        "securityProfile": {
            "uefiSettings": {
                "secureBootEnabled": true,
                "vTpmEnabled": true
            },
            "securityType": "[parameters('securityType')]"
        },
        "publicIP": {
            "id": "[resourceId('Microsoft.Network/publicIPAddresses', parameters('publicIPName'))]"
        },
        "vnetId": {
            "new": "[resourceId('Microsoft.Network/virtualNetworks',parameters('vnetName'))]",
            "existing": "[resourceId(parameters('vnetName'),'Microsoft.Network/virtualNetworks',parameters('vnetName'))]"
        },
        "subnetId": "[concat(variables('vnetId')[parameters('virtualNetworkNewOrExisting')],'/subnets/',parameters('subnetName'))]"
    },
    "resources": [
        {
            "type": "Microsoft.Network/virtualNetworks",
            "apiVersion": "2020-11-01",
            "condition": "[equals(parameters('virtualNetworkNewOrExisting'),'new')]",
            "comments": "Create a new virtual network if requested.",
            "name": "[parameters('vnetName')]",
            "location": "[parameters('location')]",
            "properties": {
                "addressSpace": {
                    "addressPrefixes": [
                        "[parameters('vnetCIDR')]"
                    ]
                }
            }
        },
        {
            "type": "Microsoft.Network/virtualNetworks/subnets",
            "apiVersion": "2020-11-01",
            "condition": "[equals(parameters('virtualNetworkNewOrExisting'),'new')]",
            "name": "[concat(parameters('vnetName'),'/',parameters('subnetName'))]",
            "properties": {
                "addressPrefix": "[parameters('subnetCIDR')]"
            },
            "dependsOn": [
                "[resourceId('Microsoft.Network/virtualNetworks', parameters('vnetName'))]"
            ]
        },
        {
            "type": "Microsoft.Network/publicIPAddresses",
            "apiVersion": "2022-07-01",
            "condition": "[parameters('createPublicIP')]",
            "name": "[parameters('publicIPName')]",
            "location": "[parameters('location')]",
            "sku": {
                "name": "Standard",
                "tier": "Regional"
            },
            "zones": [
                "1",
                "2",
                "3"
            ],
            "properties": {
                "publicIPAllocationMethod": "Static",
                "deleteOption": "Delete",
                "publicIPAddressVersion": "IPv4",
                "dnsSettings": {
                    "domainNameLabel": "[parameters('domainName')]"
                }
            }
        },
        {
            "type": "Microsoft.Network/networkInterfaces",
            "apiVersion": "2022-07-01",
            "name": "[variables('nicName')]",
            "location": "[parameters('location')]",
            "properties": {
                "ipConfigurations": [
                    {
                        "name": "ipconfig1",
                        "properties": {
                            "subnet": {
                                "id": "[variables('subnetId')]"
                            },
                            "publicIPAddress": "[if(parameters('createPublicIP'),variables('publicIP'),json('null'))]",
                            "privateIPAllocationMethod": "Dynamic"
                        }
                    }
                ],
                "networkSecurityGroup": {
                    "id": "[resourceId('Microsoft.Network/networkSecurityGroups', variables('nsgName'))]"
                }
            },
            "dependsOn": [
                "[resourceId('Microsoft.Network/networkSecurityGroups', variables('nsgName'))]",
                "[resourceId('Microsoft.Network/virtualNetworks/subnets', parameters('vnetName'), parameters('subnetName'))]",
                "[resourceId('Microsoft.Network/publicIPAddresses', parameters('publicIPName'))]"
            ]
        },
        {
            "type": "Microsoft.Network/networkSecurityGroups",
            "apiVersion": "2022-07-01",
            "name": "[variables('nsgName')]",
            "location": "[parameters('location')]",
            "properties": {
                "securityRules": "[parameters('vmNsgSecurityRules')]"
            }
        },
        {
            "type": "Microsoft.Compute/virtualMachines",
            "apiVersion": "2021-03-01",
            "name": "[variables('vmName')]",
            "location": "[parameters('location')]",
            "properties": {
                "hardwareProfile": {
                    "vmSize": "[parameters('vmSize')]"
                },
                "storageProfile": {
                    "osDisk": {
                        "createOption": "FromImage",
                        "managedDisk": {
                            "storageAccountType": "[parameters('vmDiskType')]"
                        }
                    },
                    "imageReference": "[variables('imageReference')[parameters('vmOSVersion')]]"
                },
                "networkProfile": {
                    "networkInterfaces": [
                        {
                            "id": "[resourceId('Microsoft.Network/networkInterfaces', variables('nicName'))]"
                        }
                    ]
                },
                "osProfile": {
                    "computerName": "[variables('vmName')]",
                    "adminUsername": "[parameters('adminUserName')]",
                    "adminPassword": "[parameters('adminPassword')]",
                    "linuxConfiguration": "[if(equals(parameters('authType'), 'sshPublicKey'), variables('linuxConfigSSH'), variables('linuxConfigPWD'))]"
                },
                "securityProfile": "[if(equals(parameters('securityType'), 'TrustedLaunch'),variables('securityProfile'),json('null'))]",
                "diagnosticsProfile": {
                    "bootDiagnostics": {
                        "enabled": true
                    }
                }
            },
            "zones": [
                "[parameters('vmZone')]"
            ],
            "dependsOn": [
                "[resourceId('Microsoft.Network/networkInterfaces', variables('nicName'))]"
            ]
        },
        {
            "type": "Microsoft.Compute/virtualMachines/extensions",
            "apiVersion": "2022-03-01",
            "condition": "[if(equals(variables('imageReference')[parameters('vmOSVersion')].publisher, 'Canonical'), bool('true'), bool('false'))]",
            "location": "[parameters('location')]",
            "name": "[concat(variables('vmName'),'/','installActiveMQ-ubuntu')]",
            "dependsOn": [
                "[resourceId('Microsoft.Compute/virtualMachines', variables('vmName'))]"
            ],
            "properties": {
                "publisher": "Microsoft.Azure.Extensions",
                "type": "CustomScript",
                "typeHandlerVersion": "2.0",
                "autoUpgradeMinorVersion": true,
                "settings": {
                    "fileUris": [
                        "[concat(parameters('scriptURI'),'activemq-config.sh')]"
                    ],
                    "commandToExecute": "[concat('/bin/bash activemq-config.sh ',parameters('mqPassword'),' ',parameters('activemqVersion'),' true')]"
                }
            }
        },
        {
            "type": "Microsoft.Compute/virtualMachines/extensions",
            "apiVersion": "2022-03-01",
            "condition": "[if(equals(variables('imageReference')[parameters('vmOSVersion')].publisher, 'RedHat'), bool('true'), bool('false'))]",
            "location": "[parameters('location')]",
            "name": "[concat(variables('vmName'),'/','installActiveMQ-rhel')]",
            "dependsOn": [
                "[resourceId('Microsoft.Compute/virtualMachines', variables('vmName'))]"
            ],
            "properties": {
                "publisher": "Microsoft.Azure.Extensions",
                "type": "CustomScript",
                "typeHandlerVersion": "2.0",
                "autoUpgradeMinorVersion": true,
                "settings": {
                    "fileUris": [
                        "[concat(parameters('scriptURI'),'activemq-rhel.sh')]"
                    ],
                    "commandToExecute": "[concat('/bin/bash activemq-rhel.sh ',parameters('mqPassword'),' ',parameters('activemqVersion'),' true')]"
                }
            }
        }
    ],
    "outputs": {
        "vmName": {
            "type": "string",
            "value": "[variables('vmName')]"
        },
        "vmNIC": {
            "type": "object",
            "value": "[reference(resourceId('Microsoft.Network/networkInterfaces',variables('nicName')))]"
        }
    }
}