{
    "$schema": "https://schema.management.azure.com/schemas/0.1.2-preview/CreateUIDefinition.MultiVm.json#",
    "handler": "Microsoft.Azure.CreateUIDef",
    "version": "0.1.2-preview",
    "parameters": {
        "basics": [
            {
                "name": "namePrefix",
                "type": "Microsoft.Common.TextBox",
                "label": "Name Prefix",
                "defaultValue": "",
                "toolTip": "Prefix for created resources.",
				"constraints":{
					"validations": [
						{
							"regex": "^[a-zA-Z]+[a-z0-9A-Z]{2,10}$",
							"message": "Only alphanumeric charactors are allowed, the first character must be a letter and must be between 3 and 10 characters in length."
						}
					]
				}
            },
            {
                "name": "clustersApi",
                "type": "Microsoft.Solutions.ArmApiControl",
                "request": {
                    "method": "GET",
                    "path": "[concat(subscription().id, '/providers/Microsoft.RedHatOpenShift/openShiftClusters?api-version=2022-09-04')]"
                }
            },
            {
                "name": "aroClusterDropDown",
                "type": "Microsoft.Common.DropDown",
                "label": "ARO Cluster",
                "toolTip": "Select the ARO cluster to use",
                "constraints": {
                    "allowedValues": "[map(basics('clustersApi').value, (item) => parse(concat('{\"label\":\"', item.name, '\",\"value\":\"', item.name, '\"}')))]",
                    "required": false
                },
                "visible": true
            }
        ],
        "steps": [
            {
                "name": "cp4i",
                "label": "Cloud Pak for Integration",
                "elements": [
                    {
						"name": "ibmEntitlementKey",
						"type": "Microsoft.Common.PasswordBox",	
						"toolTip": "API Key for IBM registry entitlement to image",					
						"label": {
							"password": "API Key",
                            "confirmPassword": "Confirm API Key"
						},
						"constraints": {
							"required": false,
							"regex": "^[a-zA-Z0-9.-_]{100,}$",
							"validationMessage": "Key must be at least 100 characters long, contain only numbers, letters, underscores, dots and dashes"
                		},
						"options": {
							"hideConfirmation": false
						},
						"visible": true
					},
					{
						"name": "acceptLicense",
						"type": "Microsoft.Common.OptionsGroup",
						"label": "Cloud Pak License Agreement",
						"toolTip": "Acceptance of license terms is required to instantiate instance. Refer to https://ibm.biz/int-licenses for details.",
						"defaultValue": "Decline",
						"constraints": {
							"required": true,
							"allowedValues": [
								{
									"label": "Decline",
									"value": "decline"
								},
								{
									"label": "Accept",
									"value": "accept"
								}
							]
						},
						"visible": true
					},
					{
						"name": "storageClass",
						"type": "Microsoft.Common.TextBox",
						"label": "Storage Class",
						"defaultValue": "ocs-storagecluster-cephfs",
						"toolTip": "Storage class name. Must be RWX file capable.",
						"multiLine": false,
						"constraints": {
						  "required": true,
						  "validations": [
							{
							  "regex": "^[a-z0-9A-Z-]{3,}$",
							  "message": "Only alphanumeric characters and dashes are allowed, and the value must be more than 3 characters long."
							}
						  ]
						},
						"visible": true
					}
                ]
            }
         ],
        "outputs": {
            "namePrefix": "[basics('namePrefix')]",
            "aroClusterName": "[basics('aroClusterDropDown')]",
            "location": "[location()]",
            "ibmEntitlementKey": "[steps('cp4i').ibmEntitlementKey]",
            "acceptLicense": "[steps('cp4i').acceptLicense]",
            "storageClass": "[steps('cp4i').storageClass]"
         }
    }
}